Label,Film,Mean
C06-M05.tif:Nacc_l_1,B,980.56
C06-M05.tif:Nacc_r_1,B,840.41
C06-M05.tif:Nacc_c_1,B,139.4
C06-M05.tif:Nacc_l_2,B,890.53
C06-M05.tif:Nacc_r_2,B,870.31
C06-M05.tif:Nacc_c_2,B,146.86
C06-M05.tif:Nacc_l_3,B,947.39
C06-M05.tif:Nacc_r_3,B,948.2
C06-M05.tif:Nacc_c_3,B,86.1
C06-M05.tif:AON_l_1,B,1236.42
C06-M05.tif:AON_r_1,B,1116.02
C06-M05.tif:AON_c_1,B,82.91
C06-M05.tif:AON_l_2,B,1080.75
C06-M05.tif:AON_r_2,B,1092.7
C06-M05.tif:AON_c_2,B,301.35
C06-M05.tif:AON_l_3,B,975.74
C06-M05.tif:AON_r_3,B,891.46
C06-M05.tif:AON_c_3,B,198.23
C06-M05.tif:MEA_l_4,B,1007.43
C06-M05.tif:Aco_l_1,B,1200.73
C06-M05.tif:MEA_c_1,B,135.05
C06-M05.tif:MEA_r_1,B,1109.01
C06-M05.tif:Aco_r_1,B,1447.18
C06-M05.tif:MEA_l_5,B,1045.22
C06-M05.tif:Aco_l_2,B,1372.54
C06-M05.tif:MEA_c_2,B,154.39
C06-M05.tif:Aco_r_2,B,1491.82
C06-M05.tif:MEA_r_2,B,1142.98
C06-M05.tif:MEA_l_3,B,1232.11
C06-M05.tif:Aco_l_3,B,1185.52
C06-M05.tif:MEA_c_3,B,121.77
C06-M05.tif:MEA_r_4,B,1257.77
C06-M05.tif:Aco_r_4,B,1331.27
C06-M05.tif:LS_l_1,B,891.01
C06-M05.tif:LS_r_1,B,792.55
C06-M05.tif:LS_c_1,B,73.1
C06-M05.tif:PiC_r_1,B,681.61
C06-M05.tif:PiC_l_1,B,681.3
C06-M05.tif:LS_l_2,B,793.26
C06-M05.tif:LS_r_2,B,751.56
C06-M05.tif:LS_l_3,B,814.53
C06-M05.tif:LS_r_3,B,777.42
C06-M05.tif:PiC_l_3,B,694.16
C06-M05.tif:PiC_r_3,B,643.61
C06-M05.tif:LS_c_3,B,63.51
C06-M05.tif:LS_c_2,B,116.7
C06-M05.tif:PiC_r_2,B,750.59
C06-M05.tif:PiC_l_2,B,651.89
C06-M05.tif:MEA_c_4,B,157.41
C06-M05.tif:MEA_c_5,B,102.63
C06-M07.tif:LS_l_1,B,790.83
C06-M07.tif:LS_r_1,B,807.95
C06-M07.tif:LS_c_1,B,65.41
C06-M07.tif:PiC_l_1,B,604.64
C06-M07.tif:PiC_r_1,B,623.03
C06-M07.tif:LS_l_2,B,683.44
C06-M07.tif:LS_r_2,B,909.48
C06-M07.tif:PiC_r_2,B,544.44
C06-M07.tif:PiC_l_2,B,606.19
C06-M07.tif:LS_c_2,B,92.85
C06-M07.tif:LS_l_3,B,662.98
C06-M07.tif:LS_r_3,B,584.69
C06-M07.tif:PiC_l_3,B,623.05
C06-M07.tif:PiC_r_3,B,796.38
C06-M07.tif:LS_c_3,B,122.93
C06-M07.tif:Nacc_l_1,B,1053.41
C06-M07.tif:Nacc_r_1,B,1033.04
C06-M07.tif:Nacc_c_1,B,211.43
C06-M07.tif:Nacc_l_2,B,1221.92
C06-M07.tif:Nacc_r_2,B,1221.84
C06-M07.tif:Nacc_c_2,B,337.34
C06-M07.tif:Nacc_l_3,B,1215.01
C06-M07.tif:Nacc_r_3,B,1064.33
C06-M07.tif:Nacc_c_3,B,238.32
C06-M07.tif:AON_r_1,B,1303.48
C06-M07.tif:AON_l_1,B,1102.93
C06-M07.tif:AON_c_1,B,279.18
C06-M07.tif:AON_r_2,B,1064.41
C06-M07.tif:AON_c_2,B,150.99
C06-M07.tif:AON_l_2,B,1172.4
C06-M07.tif:AON_r_3,B,944.07
C06-M07.tif:AON_l_3,B,881.05
C06-M07.tif:AON_c_3,B,154.81
C06-M07.tif:MEA_l_5,B,806.86
C06-M07.tif:Aco_l_3,B,989.65
C06-M07.tif:MEA_c_5,B,62.4
C06-M07.tif:MEA_l_6,B,732.67
C06-M07.tif:Aco_l_6,B,848.05
C06-M07.tif:MEA_c_6,B,73.28
C06-M07.tif:MEA_l_4,B,716.07
C06-M07.tif:Aco_l_4,B,1161.4
C06-M07.tif:MEA_c_4,B,92.84
C06-M07.tif:MEA_r_1,B,804.14
C06-M07.tif:Aco_r_1,B,834.7
C06-M07.tif:MEA_c_1,B,72.85
C06-M07.tif:MEA_r_3,B,831.94
C06-M07.tif:Aco_r_3,B,954.18
C06-M07.tif:MEA_c_3,B,35.85
C06-M07.tif:MEA_r_2,B,641.99
C06-M07.tif:Aco_r_2,B,860.36
C06-M07.tif:MEA_c_2,B,81.13
C06-M09.tif:LS_l_1,B,1038.44
C06-M09.tif:LS_r_1,B,813.75
C06-M09.tif:LS_c_1,B,313.74
C06-M09.tif:PiC_l_1,B,871.79
C06-M09.tif:PiC_r_1,B,439.3
C06-M09.tif:LS_l_2,B,707.88
C06-M09.tif:LS_r_2,B,827.69
C06-M09.tif:PiC_l_2,B,587.87
C06-M09.tif:PiC_r_2,B,353.6
C06-M09.tif:LS_c_2,B,192.37
C06-M09.tif:Aco_l_3,B,1140.93
C06-M09.tif:Aco_l_2,B,1040.54
C06-M09.tif:MEA_l_2,B,1081.63
C06-M09.tif:Aco_l_4,B,1167.89
C06-M09.tif:MEA_l_4,B,735.12
C06-M09.tif:MEA_r_7,B,808.42
C06-M09.tif:Aco_r_7,B,1011.66
C06-M09.tif:MEA_c_2,B,173.72
C06-M09.tif:MEA_r_1,B,885.82
C06-M09.tif:Aco_r_1,B,762.54
C06-M09.tif:MEA_c_1,B,236.95
C06-M09.tif:MEA_r_5,B,958.13
C06-M09.tif:Aco_r_6,B,1171.84
C06-M09.tif:MEA_c_4,B,153.35
C06-M09.tif:MEA_c_3,B,279.11
C06-M09.tif:Nacc_r_1,B,1053.83
C06-M09.tif:Nacc_r_2,B,999.52
C06-M09.tif:Nacc_c_2,B,311.73
C06-M09.tif:Nacc_c_1,B,441.99
C06-M09.tif:LS_l_3,B,535.26
C06-M09.tif:LS_r_3,B,713.51
C06-M09.tif:LS_c_3,B,169.49
C06-M09.tif:PiC_r_3,B,426.07
C06-M09.tif:PiC_l_3,B,686.39
C06-M09.tif:MEA_r_3,B,944.73
C06-M09.tif:MEA_c_5,B,306.67
C06-M09.tif:MEA_c_6,B,159.18
C06-M09.tif:MEA_c_7,B,201.31
C11-M03.tif:Ls_r_1,B,1211.66
C11-M03.tif:Ls_l_1,B,1104.52
C11-M03.tif:Ls_c_1,B,183.06
C11-M03.tif:Ls_r_2,B,1071.86
C11-M03.tif:Ls_l_2,B,1030.32
C11-M03.tif:Ls_c_2,B,215.09
C11-M03.tif:Ls_r_3,B,983.32
C11-M03.tif:Ls_l_3,B,884.52
C11-M03.tif:LS_c_3,B,79.78
C11-M03.tif:MEA_r_2,B,985.85
C11-M03.tif:Aco_r_2,B,1393.32
C11-M03.tif:MEA_c_2,B,86.78
C11-M03.tif:MEA_r_4,B,984.3
C11-M03.tif:Aco_r_4,B,1468.7
C11-M03.tif:MEA_c_4,B,95.28
C11-M03.tif:MEA_r_3,B,837.54
C11-M03.tif:Aco_r_3,B,1273.33
C11-M03.tif:MEA_l_3,B,898.68
C11-M03.tif:Aco_l_3,B,1059.28
C11-M03.tif:MEA_c_3,B,115.24
C11-M03.tif:MEA_l_1,B,698.26
C11-M03.tif:Aco_l_1,B,981.09
C11-M03.tif:MEA_c_1,B,83.36
C11-M03.tif:MEA_l_5,B,732.39
C11-M03.tif:Aco_l_2,B,699.38
C11-M03.tif:MEA_c_5,B,81
C11-M03.tif:PiC_r_6,B,410.22
C11-M03.tif:PiC_l_6,B,735.63
C11-M03.tif:PiC_r_4,B,704.66
C11-M03.tif:PiC_l_4,B,667.55
C11-M03.tif:Nacc_l_1,B,1287.13
C11-M03.tif:Nacc_r_1,B,1102.96
C11-M03.tif:Nacc_c_1,B,224.64
C11-M03.tif:Nacc_l_2,B,1107.56
C11-M03.tif:Nacc_r_2,B,1122.19
C11-M03.tif:Nacc_c_2,B,159.58
C11-M03.tif:Nacc_l_3,B,1171.31
C11-M03.tif:Nacc_r_3,B,959.72
C11-M03.tif:Nacc_c_3,B,225
C11-M03.tif:AON_r_1,B,909.91
C11-M03.tif:AON_l_1,B,965.06
C11-M03.tif:AON_c_1,B,135.03
C11-M03.tif:AON_l_2,B,939.23
C11-M03.tif:AON_r_2,B,967.53
C11-M03.tif:AON_c_2,B,122.71
C11-M03.tif:AON_r_3,B,996.23
C11-M03.tif:AON_l_3,B,1186.4
C11-M03.tif:AON_c_3,B,145.69
C11-M03.tif:LS_c_4,B,127.05
C11-M03.tif:PiC_l_5,B,589.63
C11-M03.tif:PiC_r_5,B,717.06
C11-M03.tif:LS_c_5,B,93.46
C11-M03.tif:LS_c_6,B,126.71
C12-M01.tif:MEA_l_1,B,1220.86
C12-M01.tif:Aco_l_1,B,1384.67
C12-M01.tif:MEA_c_1,B,263.22
C12-M01.tif:MEA_r_1,B,1331.14
C12-M01.tif:Aco_r_1,B,1375.38
C12-M01.tif:MEA_l_2,B,1247.67
C12-M01.tif:Aco_l_2,B,1661.06
C12-M01.tif:MEA_l_3,B,1106.05
C12-M01.tif:Aco_l_3,B,1651.95
C12-M01.tif:MEA_c_3,B,175.89
C12-M01.tif:MEA_r_3,B,986.37
C12-M01.tif:Aco_r_3,B,1225.21
C12-M01.tif:MEA_r_2,B,952.79
C12-M01.tif:Aco_r_2,B,1272.43
C12-M01.tif:MEA_c_2,B,188.13
C12-M01.tif:Nacc_l_1,B,641.25
C12-M01.tif:Nacc_r_1,B,846.65
C12-M01.tif:Nacc_c_1,B,195.94
C12-M01.tif:Nacc_l_2,B,209.35
C12-M01.tif:Nacc_c_2,B,575.21
C12-M01.tif:Nacc_r_2,B,389.24
C12-M01.tif:Nacc_l_3,B,975.23
C12-M01.tif:Nacc_r_3,B,668.59
C12-M01.tif:Nacc_c_3,B,375.01
C12-M01.tif:AON_l_1,B,966.71
C12-M01.tif:AON_r_2,B,804.69
C12-M01.tif:AON_c_2,B,348.75
C12-M01.tif:LS_l_1,B,706.77
C12-M01.tif:LS_l_2,B,814.86
C12-M01.tif:LS_r_2,B,694.72
C12-M01.tif:AON_r_1,B,1004.87
C12-M01.tif:AON_c_1,B,290.72
C12-M01.tif:AON_l_2,B,686.43
C12-M01.tif:LS_c_1,B,131.56
C12-M01.tif:LS_c_2,B,168.55
C12-M01.tif:AON_l_3,B,924.91
C12-M01.tif:AON_c_3,B,187.18
C12-M01.tif:LS_l_3,B,556.08
C12-M01.tif:LS_r_3,B,689.07
C12-M01.tif:LS_c_3,B,185.65
C12-M01.tif:PiC_l_3,B,489.44
C12-M01.tif:PiC_r_3,B,282.02
C12-M01.tif:LS_l_1,B,927.36
C12-M01.tif:PiC_l_1,B,631.41
C12-M01.tif:PiC_r_1,B,706.71
C12-M01.tif:PiC_l_2,B,521.49
C12-M01.tif:PiC_r_2,B,592.76
C52-M02.tif:MEA_r_1,B,915.58
C52-M02.tif:Aco_r_1,B,1228.85
C52-M02.tif:MEA_r_3,B,716.37
C52-M02.tif:Aco_r_9,B,1073.8
C52-M02.tif:MEA_c_1,B,131.21
C52-M02.tif:MEA_l_6,B,777.6
C52-M02.tif:Aco_l_3,B,956.88
C52-M02.tif:MEA_c_3,B,102.39
C52-M02.tif:MEA_r_2,B,725.22
C52-M02.tif:Aco_r_10,B,1326.03
C52-M02.tif:MEA_c_2,B,151.41
C52-M02.tif:MEA_l_7,B,682.96
C52-M02.tif:Aco_l_5,B,1080.31
C52-M02.tif:MEA_c_5,B,91.04
C52-M02.tif:LS_r_1,B,1031.41
C52-M02.tif:LS_l_1,B,899.41
C52-M02.tif:PiC_l_1,B,912.23
C52-M02.tif:PiC_r_1,B,790.35
C52-M02.tif:LS_c_1,B,185.53
C52-M02.tif:LS_l_2,B,756.83
C52-M02.tif:LS_r_2,B,773.54
C52-M02.tif:PiC_l_2,B,621.84
C52-M02.tif:PiC_r_2,B,659.29
C52-M02.tif:LS_c_2,B,161.41
C52-M02.tif:LS_l_3,B,714.11
C52-M02.tif:LS_r_3,B,513.75
C52-M02.tif:PiC_l_3,B,568.49
C52-M02.tif:PiC_r_3,B,370.44
C52-M02.tif:LS_c_3,B,117.61
C52-M02.tif:Nacc_l_1,B,625.53
C52-M02.tif:Nacc_c_1,B,129.79
C52-M02.tif:Nacc_l_2,B,579.54
C52-M02.tif:Nacc_c_2,B,157
C52-M02.tif:Nacc_r_3,B,878.69
C52-M02.tif:Nacc_c_3,B,201.66
C52-M02.tif:AON_r_1,B,889.74
C52-M02.tif:AON_c_1,B,305.61
C52-M02.tif:AON_r_2,B,872.45
C52-M02.tif:AON_l_2,B,753.23
C52-M02.tif:AON_c_2,B,181.25
C52-M02.tif:AON_l_1,B,784.32
C52-M02.tif:AON_l_3,B,713.16
C52-M02.tif:AON_r_3,B,559.58
C52-M02.tif:AON_c_3,B,243.01
C52-M02.tif:Nacc_r_1,B,811.83
C52-M02.tif:Nacc_l_3,B,837.66
C52-M02.tif:Nacc_r_2,B,843.25
C52-M02.tif:MEA_l_8,B,804.83
C52-M02.tif:ACo_r_4,B,1062.18
C52-M02.tif:MEA_c_4,B,97.17
C52-M02.tif:MEA_c_6,B,126.82
C52-M02.tif:MEA_c_7,B,100.23
C52-M02.tif:MEA_c_8,B,139.97
C52-M02.tif:MEA_c_9,B,104.75
C52-M02.tif:MEA_c_10,B,124.08
C07-M03.tif:MEA_l_1,C,932.2
C07-M03.tif:ACo_l_10,C,1422.65
C07-M03.tif:MEA_c_1,C,87.54
C07-M03.tif:MEA_l_2,C,1276.08
C07-M03.tif:ACo_l_2,C,1692.77
C07-M03.tif:MEA_c_2,C,89.36
C07-M03.tif:MEA_r_2,C,1131.36
C07-M03.tif:ACo_r_9,C,722.29
C07-M03.tif:ACo_l_6,C,1357.6
C07-M03.tif:MEA_l_5,C,864.2
C07-M03.tif:MEA_c_6,C,217.28
C07-M03.tif:MEA_r_3,C,887.32
C07-M03.tif:ACo_r_7,C,737.09
C07-M03.tif:MEA_c_3,C,60.9
C07-M03.tif:MEA_r_4,C,849.86
C07-M03.tif:ACo_r_8,C,981.3
C07-M03.tif:MEA_c_8,C,45.58
C07-M03.tif:Nacc_r_1,C,990.88
C07-M03.tif:Nacc_l_1,C,1037.35
C07-M03.tif:Nacc_c_1,C,64.23
C07-M03.tif:Nacc_r_2,C,1138.71
C07-M03.tif:Nacc_l_2,C,1072.67
C07-M03.tif:Nacc_c_2,C,125.37
C07-M03.tif:Nacc_l_3,C,1101.13
C07-M03.tif:Nacc_r_3,C,859.69
C07-M03.tif:Nacc_c_3,C,97.92
C07-M03.tif:AON_l_1,C,709.17
C07-M03.tif:AON_c_1,C,64.99
C07-M03.tif:AON_l_2,C,796.18
C07-M03.tif:AON_c_2,C,176.19
C07-M03.tif:AON_l_3,C,815.97
C07-M03.tif:AON_c_3,C,135.23
C07-M03.tif:LS_l_1,C,730.65
C07-M03.tif:LS_r_1,C,753.79
C07-M03.tif:PiC_l_1,C,583.78
C07-M03.tif:PiC_r_1,C,927.56
C07-M03.tif:LS_c_1,C,305.55
C07-M03.tif:LS_r_2,C,900.77
C07-M03.tif:LS_l_2,C,828.68
C07-M03.tif:PiC_l_2,C,803.06
C07-M03.tif:PiC_r_2,C,471.93
C07-M03.tif:LS_c_2,C,161.49
C07-M03.tif:LS_l_3,C,932.88
C07-M03.tif:LS_r_3,C,596.39
C07-M03.tif:PiC_l_3,C,699.86
C07-M03.tif:PiC_r_3,C,822.26
C07-M03.tif:LS_c_3,C,172.73
C07-M03.tif:MEA_c_4,C,218.08
C07-M03.tif:MEA_c_5,C,200.84
C07-M03.tif:MEA_c_10,C,146.92
C07-M03.tif:MEA_c_7,C,102.4
C07-M03.tif:MEA_c_9,C,71.56
C07-M04.tif:LS_l_1,C,840.55
C07-M04.tif:LS_r_1,C,796.27
C07-M04.tif:LS_c_1,C,166.42
C07-M04.tif:PiC_r_1,C,723.16
C07-M04.tif:LS_l_2,C,801.1
C07-M04.tif:LS_r_2,C,809.17
C07-M04.tif:PiC_r_2,C,815.39
C07-M04.tif:LS_c_2,C,123.65
C07-M04.tif:LS_l_3,C,705.59
C07-M04.tif:LS_r_3,C,590.24
C07-M04.tif:PiC_r_3,C,622.92
C07-M04.tif:LS_c_3,C,170.55
C07-M04.tif:Nacc_l_1,C,763.88
C07-M04.tif:Nacc_r_1,C,877.08
C07-M04.tif:Nacc_c_1,C,240.39
C07-M04.tif:Nacc_l_2,C,1006.83
C07-M04.tif:Nacc_r_2,C,923.22
C07-M04.tif:Nacc_c_2,C,673.39
C07-M04.tif:Nacc_l_3,C,895.91
C07-M04.tif:Nacc_r_3,C,1100.86
C07-M04.tif:Nacc_c_3,C,270.4
C07-M04.tif:AON_l_1,C,1097.25
C07-M04.tif:AON_r_1,C,1438.07
C07-M04.tif:AON_c_1,C,460.48
C07-M04.tif:AON_l_2,C,1439.37
C07-M04.tif:AON_r_2,C,1595.5
C07-M04.tif:AON_c_2,C,676.29
C07-M04.tif:AON_l_3,C,1216.46
C07-M04.tif:AON_r_3,C,538.72
C07-M04.tif:AON_c_3,C,1592.84
C07-M04.tif:MEA_l_1,C,987.24
C07-M04.tif:ACo_l_1,C,1353.75
C07-M04.tif:MEA_r_1,C,1134.21
C07-M04.tif:ACo_r_5,C,1415.91
C07-M04.tif:MEA_c_1,C,225.52
C07-M04.tif:MEA_l_2,C,1480.68
C07-M04.tif:ACo_l_2,C,1450.37
C07-M04.tif:MEA_c_2,C,343.43
C07-M04.tif:MEA_r_2,C,1073.03
C07-M04.tif:ACo_r_6,C,1495.24
C07-M04.tif:MEA_r_4,C,1346.96
C07-M04.tif:ACo_r_7,C,1708.12
C07-M04.tif:MEA_l_3,C,1568.78
C07-M04.tif:ACo_l_3,C,1328.07
C07-M04.tif:MEA_c_3,C,188.89
C07-M04.tif:MEA_c_4,C,266.1
C07-M04.tif:MEA_c_5,C,196.17
C07-M04.tif:MEA_c_6,C,220.34
C07-M04.tif:MEA_c_7,C,189.01
C12-M03.tif:MEA_l_1,C,1359.53
C12-M03.tif:ACo_l_1,C,1792.7
C12-M03.tif:MEA_r_5,C,1178.85
C12-M03.tif:ACo_r_1,C,1714.45
C12-M03.tif:MEA_c_1,C,173.26
C12-M03.tif:MEA_l_2,C,1286.06
C12-M03.tif:ACo_l_2,C,1065.51
C12-M03.tif:MEA_r_2,C,1190.62
C12-M03.tif:ACo_r_2,C,1386.96
C12-M03.tif:MEA_c_2,C,235.2
C12-M03.tif:MEA_l_3,C,1141.6
C12-M03.tif:ACo_l_3,C,1141.09
C12-M03.tif:MEA_r_4,C,1271.36
C12-M03.tif:ACo_r_3,C,1337.77
C12-M03.tif:MEA_c_3,C,153.32
C12-M03.tif:LS_r_1,C,995.44
C12-M03.tif:LS_l_1,C,996.98
C12-M03.tif:LS_l_2,C,1110.02
C12-M03.tif:LS_r_2,C,1103.86
C12-M03.tif:LS_r_3,C,778.74
C12-M03.tif:LS_l_3,C,679.43
C12-M03.tif:PiC_r_1,C,834.6
C12-M03.tif:PiC_l_1,C,562.95
C12-M03.tif:PiC_r_2,C,886.86
C12-M03.tif:PiC_l_2,C,570.73
C12-M03.tif:LS_c_1,C,329.43
C12-M03.tif:PiC_l_4,C,719.28
C12-M03.tif:PiC_r_4,C,611.27
C12-M03.tif:LS_c_2,C,295.33
C12-M03.tif:Nacc_r_1,C,1067.34
C12-M03.tif:Nacc_l_1,C,942.37
C12-M03.tif:Nacc_c_1,C,56.11
C12-M03.tif:Nacc_l_2,C,1288.22
C12-M03.tif:Nacc_r_2,C,1078.44
C12-M03.tif:Nacc_c_2,C,134.69
C12-M03.tif:Nacc_r_3,C,1196.06
C12-M03.tif:Nacc_l_3,C,1079.01
C12-M03.tif:Nacc_c_3,C,181.93
C12-M03.tif:AON_l_1,C,729.56
C12-M03.tif:AON_r_1,C,900.61
C12-M03.tif:AON_c_1,C,213.75
C12-M03.tif:AON_l_2,C,794.8
C12-M03.tif:AON_r_2,C,506.05
C12-M03.tif:AON_c_2,C,245.5
C12-M03.tif:AON_l_3,C,845.92
C12-M03.tif:AON_c_3,C,176.29
C12-M03.tif:MEA_c_4,C,167.67
C12-M03.tif:MEA_c_5,C,125.54
C12-M03.tif:LS_c_4,C,138.6
C12-M03.tif:AON_r_3,C,765.86
C12-M05.tif:MEA_r_8,C,848.93
C12-M05.tif:ACo_r_1,C,1305.25
C12-M05.tif:MEA_l_5,C,449.77
C12-M05.tif:ACo_l_1,C,1365.49
C12-M05.tif:MEA_c_1,C,97.98
C12-M05.tif:MEA_r_3,C,772.98
C12-M05.tif:ACo_r_2,C,1121.59
C12-M05.tif:MEA_l_6,C,851.55
C12-M05.tif:ACo_r_2,C,1235.51
C12-M05.tif:MEA_c_2,C,47.39
C12-M05.tif:MEA_r_7,C,950.79
C12-M05.tif:ACo_r_3,C,1122.35
C12-M05.tif:ACo_l_3,C,1057.21
C12-M05.tif:MEA_l_4,C,862.91
C12-M05.tif:MEA_c_3,C,100.79
C12-M05.tif:LS_r_1,C,883.77
C12-M05.tif:PiC_r_1,C,613.61
C12-M05.tif:LS_l_1,C,987.31
C12-M05.tif:PiC_l_1,C,573
C12-M05.tif:LS_c_1,C,81.94
C12-M05.tif:LS_l_2,C,936.97
C12-M05.tif:LS_r_2,C,668.49
C12-M05.tif:PiC_l_2,C,668.5
C12-M05.tif:LS_c_2,C,36.37
C12-M05.tif:LS_l_3,C,780.84
C12-M05.tif:LS_r_3,C,666.04
C12-M05.tif:PiC_l_3,C,541.08
C12-M05.tif:PiC_r_3,C,396.83
C12-M05.tif:LS_c_3,C,19.76
C12-M05.tif:Nacc_r_1,C,1115.08
C12-M05.tif:Nacc_l_1,C,1052.73
C12-M05.tif:Nacc_c_1,C,70.14
C12-M05.tif:Nacc_r_2,C,1010.57
C12-M05.tif:Nacc_l_2,C,1166.01
C12-M05.tif:Nacc_c_2,C,49.88
C12-M05.tif:Nacc_r_3,C,968.96
C12-M05.tif:Nacc_l_3,C,1038.95
C12-M05.tif:Nacc_c_3,C,40.58
C12-M05.tif:AON_r_1,C,991.23
C12-M05.tif:AON_l_1,C,661.11
C12-M05.tif:AON_c_1,C,194.69
C12-M05.tif:AON_r_2,C,1228.2
C12-M05.tif:AON_l_2,C,1043.55
C12-M05.tif:AON_c_2,C,227.17
C12-M05.tif:AON_l_3,C,735.85
C12-M05.tif:AON_r_3,C,627.54
C12-M05.tif:AON_c_3,C,104.23
C12-M05.tif:MEA_c_4,C,65.77
C12-M05.tif:MEA_c_5,C,76.16
C12-M05.tif:MEA_c_6,C,108.65
C12-M05.tif:MEA_c_7,C,88.84
C12-M05.tif:MEA_c_8,C,90.96
C73-M04.tif:Nacc_l_1,C,1304.92
C73-M04.tif:Nacc_c_1,C,675.56
C73-M04.tif:Nacc_r_1,C,1161.85
C73-M04.tif:Nacc_l_2,C,1245.78
C73-M04.tif:Nacc_r_2,C,1135.1
C73-M04.tif:Nacc_c_2,C,655.76
C73-M04.tif:Nacc_l_3,C,892.01
C73-M04.tif:Nacc_r_3,C,990.54
C73-M04.tif:Nacc_c_3,C,788.59
C73-M04.tif:MEA_l_5,C,1325.16
C73-M04.tif:ACo_l_5,C,750.52
C73-M04.tif:MEA_r_1,C,1289.69
C73-M04.tif:ACo_r_1,C,1618.57
C73-M04.tif:MEA_c_1,C,169.46
C73-M04.tif:MEA_r_2,C,1360.7
C73-M04.tif:ACo_r_2,C,1072.83
C73-M04.tif:MEA_c_2,C,345.51
C73-M04.tif:MEA_l_7,C,1213.48
C73-M04.tif:ACo_l_4,C,968.98
C73-M04.tif:MEA_c_4,C,219.84
C73-M04.tif:MEA_r_3,C,1780.66
C73-M04.tif:ACo_r_3,C,1857.95
C73-M04.tif:MEA_c_3,C,295.36
C73-M04.tif:MEA_l_6,C,1055.97
C73-M04.tif:MEA_c_6,C,241.29
C73-M04.tif:LS_r_1,C,952.59
C73-M04.tif:LS_l_1,C,848.07
C73-M04.tif:LS_l_2,C,966.33
C73-M04.tif:LS_r_2,C,623.9
C73-M04.tif:LS_c_2,C,336.8
C73-M04.tif:LS_c_1,C,198.46
C73-M04.tif:LS_l_3,C,882.68
C73-M04.tif:LS_r_3,C,729.35
C73-M04.tif:LS_c_3,C,169.84
C73-M04.tif:PiC_l_3,C,622.86
C73-M04.tif:PiC_r_3,C,726.64
C73-M04.tif:AON_r_1,C,1178.61
C73-M04.tif:AON_c_1,C,834.03
C73-M04.tif:AON_r_2,C,1083.44
C73-M04.tif:AON_c_2,C,617.37
C73-M04.tif:AON_r_2,C,987.88
C73-M04.tif:AON_c_3,C,408.25
C73-M04.tif:PiC_r_4,C,618.95
C73-M04.tif:PiC_l_4,C,516.11
C73-M04.tif:LS_c_4,C,166.6
C73-M04.tif:PiC_l_5,C,534.07
C73-M04.tif:PiC_r_5,C,526.83
C73-M04.tif:LS_c_5,C,138.67
C73-M04.tif:MEA_c_2,C,291.05
C73-M04.tif:MEA_c_1,C,278.82
C73-M04.tif:MEA_c_5,C,260.21
C73-M04.tif:MEA_c_7,C,197.73
C73-M04.tif:ACo_l_8,C,1041.71
C73-M04.tif:MEA_c_8,C,280.52
C73-M05.tif:MEA_r_1,C,1041.79
C73-M05.tif:ACo_r_1,C,1452.36
C73-M05.tif:MEA_c_1,C,93
C73-M05.tif:MEA_l_6,C,940.63
C73-M05.tif:ACo_l_1,C,982.58
C73-M05.tif:MEA_r_2,C,1014.49
C73-M05.tif:ACo_r_2,C,1423.45
C73-M05.tif:MEA_l_4,C,969.77
C73-M05.tif:ACo_l_2,C,1076.28
C73-M05.tif:MEA_c_2,C,106.07
C73-M05.tif:MEA_r_4,C,744.86
C73-M05.tif:ACo_r_5,C,1215.67
C73-M05.tif:MEA_l_3,C,1365.79
C73-M05.tif:ACo_l_3,C,1615.72
C73-M05.tif:MEA_c_3,C,142.33
C73-M05.tif:LS_r_1,C,681.28
C73-M05.tif:LS_l_1,C,613.5
C73-M05.tif:LS_c_1,C,13.43
C73-M05.tif:PiC_r_1,C,775.91
C73-M05.tif:PiC_l_1,C,513.56
C73-M05.tif:LS_r_2,C,898.07
C73-M05.tif:LS_l_2,C,613.74
C73-M05.tif:LS_c_2,C,107.1
C73-M05.tif:PiC_r_2,C,628.94
C73-M05.tif:PiC_l_2,C,313.4
C73-M05.tif:LS_r_3,C,770.72
C73-M05.tif:LS_l_3,C,583.06
C73-M05.tif:PiC_r_3,C,611.59
C73-M05.tif:PiC_l_3,C,372.9
C73-M05.tif:LS_c_3,C,16.09
C73-M05.tif:Nacc_r_1,C,916.14
C73-M05.tif:Nacc_l_1,C,880.79
C73-M05.tif:Nacc_c_1,C,47.15
C73-M05.tif:Nacc_r_2,C,921.04
C73-M05.tif:Nacc_l_2,C,841.76
C73-M05.tif:Nacc_c_2,C,32.16
C73-M05.tif:Nacc_l_3,C,901.58
C73-M05.tif:Nacc_r_3,C,974.51
C73-M05.tif:Nacc_c_3,C,66.06
C73-M05.tif:AON_l_1,C,1180.33
C73-M05.tif:AON_r_1,C,1019.71
C73-M05.tif:AON_c_1,C,207.27
C73-M05.tif:AON_l_2,C,1183.92
C73-M05.tif:AON_r_2,C,1089.65
C73-M05.tif:AON_c_2,C,183.34
C73-M05.tif:AON_l_3,C,811.26
C73-M05.tif:AON_r_3,C,851.58
C73-M05.tif:AON_c_3,C,59.53
C73-M05.tif:MEA_c_4,C,119.34
C73-M05.tif:MEA_c_5,C,66.34
C73-M05.tif:MEA_c_6,C,40.28
C74-M11.tif:MEA_r_1,C,889.18
C74-M11.tif:ACo_r_7,C,1269.52
C74-M11.tif:MEA_l_4,C,1031.31
C74-M11.tif:ACo_l_1,C,1320.73
C74-M11.tif:MEA_c_1,C,36.87
C74-M11.tif:MEA_l_2,C,1115.28
C74-M11.tif:ACo_l_2,C,1227.01
C74-M11.tif:MEA_c_2,C,42.91
C74-M11.tif:MEA_r_2,C,845
C74-M11.tif:ACo_r_5,C,921.42
C74-M11.tif:MEA_l_3,C,985.74
C74-M11.tif:ACo_l_3,C,1213.53
C74-M11.tif:MEA_c_3,C,23.44
C74-M11.tif:MEA_r_4,C,891.59
C74-M11.tif:ACo_r_6,C,1010.97
C74-M11.tif:MEA_c_4,C,57.38
C74-M11.tif:LS_r_1,C,794.16
C74-M11.tif:LS_l_1,C,779.09
C74-M11.tif:LS_c_1,C,48.74
C74-M11.tif:MEA_c_5,C,10.67
C74-M11.tif:MEA_c_7,C,92.48
C74-M11.tif:MEA_c_6,C,113.63
C74-M11.tif:LS_l_2,C,492.97
C74-M11.tif:LS_r_2,C,332.26
C74-M11.tif:PiC_l_2,C,407.73
C74-M11.tif:PiC_r_2,C,382.18
C74-M11.tif:LS_c_2,C,24.58
C74-M11.tif:LS_r_3,C,537.59
C74-M11.tif:LS_l_3,C,514.32
C74-M11.tif:PiC_l_3,C,309.27
C74-M11.tif:PiC_r_3,C,134.97
C74-M11.tif:LS_c_3,C,36.93
C74-M11.tif:AON_r_1,C,611.03
C74-M11.tif:AON_c_1,C,46.64
C74-M11.tif:AON_l_2,C,494.36
C74-M11.tif:AON_r_2,C,824.64
C74-M11.tif:AON_c_2,C,112.17
C74-M11.tif:AON_l_3,C,646.7
C74-M11.tif:AON_r_3,C,582.73
C74-M11.tif:AON_l_1,C,620.64
C74-M11.tif:AON_c_3,C,85.26
C74-M11.tif:Nacc_r_1,C,221.41
C74-M11.tif:Nacc_l_1,C,229.87
C74-M11.tif:Nacc_c_1,C,40.56
C74-M11.tif:Nacc_l_2,C,303.12
C74-M11.tif:Nacc_r_2,C,272.53
C74-M11.tif:Nacc_c_2,C,30.19
C74-M11.tif:Nacc_l_3,C,365.14
C74-M11.tif:Nacc_r_3,C,296.41
C74-M11.tif:Nacc_c_3,C,73.38
C74-M12.tif:LS_l_1,C,1157.4
C74-M12.tif:LS_r_1,C,939.52
C74-M12.tif:LS_c_1,C,204.44
C74-M12.tif:PiC_r_1,C,843.34
C74-M12.tif:LS_l_2,C,858.27
C74-M12.tif:LS_r_2,C,584.12
C74-M12.tif:PiC_r_2,C,757.79
C74-M12.tif:LS_c_2,C,206.03
C74-M12.tif:LS_l_3,C,761.97
C74-M12.tif:LS_r_3,C,761.91
C74-M12.tif:PiC_r_3,C,917.28
C74-M12.tif:LS_c_3,C,182.71
C74-M12.tif:Nacc_l_1,C,1007.94
C74-M12.tif:Nacc_r_1,C,876.41
C74-M12.tif:Nacc_c_1,C,314.54
C74-M12.tif:Nacc_l_2,C,792.34
C74-M12.tif:Nacc_r_2,C,894.98
C74-M12.tif:Nacc_c_2,C,419.64
C74-M12.tif:Nacc_l_3,C,739.94
C74-M12.tif:Nacc_r_3,C,872.86
C74-M12.tif:Nacc_c_3,C,380.19
C74-M12.tif:AON_l_1,C,1076.17
C74-M12.tif:AON_r_1,C,1276.16
C74-M12.tif:AON_c_1,C,430.93
C74-M12.tif:AON_l_2,C,1064.16
C74-M12.tif:AON_r_2,C,1135.03
C74-M12.tif:AON_c_2,C,437.61
C74-M12.tif:AON_l_3,C,873.1
C74-M12.tif:AON_r_3,C,1036.14
C74-M12.tif:AON_c_3,C,325.58
C74-M12.tif:MEA_l_1,C,1013.69
C74-M12.tif:ACo_l_1,C,1457.6
C74-M12.tif:MEA_r_1,C,1114.59
C74-M12.tif:ACo_r_1,C,1406.85
C74-M12.tif:MEA_c_1,C,226.49
C74-M12.tif:MEA_l_2,C,1213.54
C74-M12.tif:ACo_l_2,C,1417.25
C74-M12.tif:MEA_c_2,C,243.47
C74-M12.tif:MEA_r_5,C,923.35
C74-M12.tif:ACo_r_5,C,1208.95
C74-M12.tif:MEA_r_3,C,899.93
C74-M12.tif:ACo_r_3,C,1062.87
C74-M12.tif:MEA_l_6,C,918.57
C74-M12.tif:ACo_l_3,C,1112.08
C74-M12.tif:MEA_c_4,C,1303.26
C74-M12.tif:PiC_l_1,C,652.06
C74-M12.tif:PiC_l_2,C,834.88
C74-M12.tif:PiC_l_3,C,462.78
C74-M12.tif:MEA_c_3,C,170.86
C74-M12.tif:MEA_c_5,C,252.08
C74-M12.tif:MEA_c_4,C,264.07
C74-M12.tif:MEA_c_6,C,185.22
C06-M01.tif:MEA_r_1,D,800.37
C06-M01.tif:ACo_r_1,D,1135.07
C06-M01.tif:MEA_l_1,D,967.57
C06-M01.tif:ACo_l_1,D,1147.1
C06-M01.tif:MEA_c_1,D,77.23
C06-M01.tif:MEA_r_2,D,1071.89
C06-M01.tif:ACo_r_2,D,1159.02
C06-M01.tif:MEA_l_2,D,756.94
C06-M01.tif:ACo_l_2,D,880.36
C06-M01.tif:MEA_c_2,D,76.5
C06-M01.tif:MEA_r_3,D,959.45
C06-M01.tif:ACo_r_3,D,1242.6
C06-M01.tif:MEA_l_3,D,718.8
C06-M01.tif:ACo_l_3,D,887.49
C06-M01.tif:MEA_c_3,D,173.26
C06-M01.tif:LS_l_1,D,665.96
C06-M01.tif:LS_r_1,D,419.28
C06-M01.tif:LS_c_1,D,18.85
C06-M01.tif:PiC_l_1,D,380.64
C06-M01.tif:LS_l_2,D,793.76
C06-M01.tif:LS_r_2,D,818.81
C06-M01.tif:PiC_l_2,D,564.35
C06-M01.tif:LS_c_2,D,73.37
C06-M01.tif:Nacc_r_1,D,918.85
C06-M01.tif:Nacc_l_1,D,801.06
C06-M01.tif:Nacc_r_2,D,999.53
C06-M01.tif:Nacc_l_2,D,904.37
C06-M01.tif:Nacc_c_1,D,217.13
C06-M01.tif:Nacc_c_2,D,192.55
C06-M01.tif:Nacc_r_3,D,1049.99
C06-M01.tif:Nacc_l_3,D,795.1
C06-M01.tif:Nacc_c_3,D,247.57
C06-M01.tif:AON_r_1,D,648.76
C06-M01.tif:AON_c_1,D,228.66
C06-M01.tif:AON_l_1,D,725.34
C06-M01.tif:AON_l_2,D,702.3
C06-M01.tif:AON_r_2,D,671.83
C06-M01.tif:AON_c_2,D,165.82
C06-M01.tif:AON_l_3,D,1318.28
C06-M01.tif:AON_r_3,D,644.9
C06-M01.tif:AON_c_3,D,182.81
C06-M01.tif:PiC_r_1,D,581.99
C06-M01.tif:PiC_r_2,D,345.91
C06-M01.tif:LS_r_3,D,336.3
C06-M01.tif:LS_l_3,D,376.87
C06-M01.tif:PiC_r_3,D,347.65
C06-M01.tif:PiC_l_3,D,527.9
C06-M01.tif:LS_c_3,D,166.27
C07-M02.tif:MEA_r_1,D,1269.8
C07-M02.tif:ACo_r_1,D,1178.47
C07-M02.tif:MEA_c_1,D,169.8
C07-M02.tif:MEA_l_5,D,1192.74
C07-M02.tif:ACo_l_5,D,1172.19
C07-M02.tif:MEA_r_2,D,1242.39
C07-M02.tif:ACo_r_2,D,1161.6
C07-M02.tif:MEA_l_4,D,1084.04
C07-M02.tif:ACo_l_4,D,1159.18
C07-M02.tif:MEA_c_4,D,93.31
C07-M02.tif:MEA_r_4,D,1217.39
C07-M02.tif:ACo_r_3,D,1264.42
C07-M02.tif:MEA_c_3,D,101.01
C07-M02.tif:ACo_l_3,D,1085.08
C07-M02.tif:MEA_l_3,D,904.25
C07-M02.tif:Nacc_r_1,D,778.11
C07-M02.tif:Nacc_l_1,D,794.55
C07-M02.tif:Nacc_c_1,D,86.35
C07-M02.tif:Nacc_r_2,D,805.15
C07-M02.tif:Nacc_l_2,D,769.88
C07-M02.tif:Nacc_c_2,D,109.79
C07-M02.tif:Nacc_r_3,D,846.08
C07-M02.tif:Nacc_l_3,D,751.66
C07-M02.tif:Nacc_c_3,D,76.67
C07-M02.tif:AON_r_1,D,1051.79
C07-M02.tif:AON_l_1,D,971.18
C07-M02.tif:AON_c_1,D,141.46
C07-M02.tif:AON_l_2,D,814.8
C07-M02.tif:AON_c_2,D,145.7
C07-M02.tif:AON_l_3,D,652.79
C07-M02.tif:AON_c_3,D,188.27
C07-M02.tif:AON_r_3,D,625.09
C07-M02.tif:LS_l_1,D,737.97
C07-M02.tif:LS_r_1,D,522.24
C07-M02.tif:PiC_l_1,D,807.45
C07-M02.tif:LS_c_1,D,112.71
C07-M02.tif:LS_l_2,D,776.94
C07-M02.tif:LS_r_2,D,640.62
C07-M02.tif:PiC_r_2,D,637.46
C07-M02.tif:LS_c_2,D,82.37
C07-M02.tif:PiC_l_2,D,526.69
C07-M02.tif:LS_r_3,D,821.99
C07-M02.tif:LS_l_3,D,696.67
C07-M02.tif:PiC_r_3,D,498.76
C07-M02.tif:LS_c_3,D,63.68
C07-M02.tif:AON_r_2,D,589.65
C07-M02.tif:MEA_c_2,D,161.98
C07-M02.tif:MEA_c_5,D,126.77
C52-M07.tif:MEA_l_8,D,890.4
C52-M07.tif:ACo_l_9,D,1335.91
C52-M07.tif:MEA_c_9,D,26.83
C52-M07.tif:MEA_r_1,D,1108.8
C52-M07.tif:ACo_r_1,D,1169.5
C52-M07.tif:MEA_c_1,D,118.65
C52-M07.tif:ACo_r_2,D,1088.41
C52-M07.tif:MEA_r_2,D,764.89
C52-M07.tif:MEA_c_2,D,55.51
C52-M07.tif:ACo_r_3,D,971.28
C52-M07.tif:MEA_r_5,D,970.05
C52-M07.tif:MEA_c_3,D,60.12
C52-M07.tif:MEA_l_6,D,1053.53
C52-M07.tif:MEA_c_6,D,84.59
C52-M07.tif:MEA_l_7,D,824.66
C52-M07.tif:ACo_l_10,D,1011.02
C52-M07.tif:MEA_c_7,D,77.95
C52-M07.tif:LS_l_1,D,652.98
C52-M07.tif:LS_r_1,D,604.37
C52-M07.tif:PiC_r_1,D,619.84
C52-M07.tif:PiC_l_1,D,451.52
C52-M07.tif:LS_c_1,D,46.29
C52-M07.tif:LS_r_2,D,804.81
C52-M07.tif:LS_l_2,D,968.88
C52-M07.tif:PiC_r_2,D,635.14
C52-M07.tif:PiC_l_2,D,510.34
C52-M07.tif:LS_c_2,D,49.95
C52-M07.tif:LS_l_3,D,673.02
C52-M07.tif:LS_r_3,D,573.52
C52-M07.tif:PiC_r_3,D,736.69
C52-M07.tif:PiC_l_3,D,590.97
C52-M07.tif:LS_c_3,D,28.9
C52-M07.tif:Nacc_l_1,D,649.96
C52-M07.tif:Nacc_r_1,D,558.5
C52-M07.tif:Nacc_c_1,D,172.38
C52-M07.tif:Nacc_l_2,D,624.77
C52-M07.tif:Nacc_r_2,D,563.77
C52-M07.tif:Nacc_c_2,D,76.08
C52-M07.tif:Nacc_l_3,D,706.01
C52-M07.tif:Nacc_r_3,D,691.63
C52-M07.tif:Nacc_c_3,D,34.93
C52-M07.tif:ACo_l_4,D,924.5
C52-M07.tif:MEA_c_4,D,48.84
C52-M07.tif:MEA_c_5,D,86.73
C52-M07.tif:MEA_c_8,D,65.15
C52-M07.tif:MEA_c_10,D,51.98
C52-M10.tif:MEA_r_1,D,832.36
C52-M10.tif:ACo_r_1,D,1307.79
C52-M10.tif:MEA_c_1,D,37.82
C52-M10.tif:MEA_r_2,D,756.69
C52-M10.tif:ACo_r_4,D,1169.98
C52-M10.tif:MEA_c_2,D,47.95
C52-M10.tif:MEA_r_8,D,1015.75
C52-M10.tif:ACo_r_3,D,1033.93
C52-M10.tif:MEA_c_3,D,34.46
C52-M10.tif:MEA_l_3,D,832.02
C52-M10.tif:ACo_l_5,D,860.93
C52-M10.tif:MEA_l_7,D,680.1
C52-M10.tif:ACo_l_6,D,1026.77
C52-M10.tif:MEA_c_7,D,68.69
C52-M10.tif:MEA_l_4,D,729.47
C52-M10.tif:ACo_l_7,D,878.02
C52-M10.tif:MEA_c_4,D,126.43
C52-M10.tif:LS_l_1,D,635.05
C52-M10.tif:LS_r_1,D,558.7
C52-M10.tif:PiC_r_1,D,550.74
C52-M10.tif:PiC_l_1,D,417.11
C52-M10.tif:LS_c_1,D,23.7
C52-M10.tif:Nacc_l_1,D,1056.34
C52-M10.tif:Nacc_r_1,D,994.59
C52-M10.tif:Nacc_c_1,D,48.8
C52-M10.tif:AON_r_1,D,599.37
C52-M10.tif:AON_c_1,D,156.95
C52-M10.tif:AON_r_2,D,886.28
C52-M10.tif:AON_c_2,D,239
C52-M10.tif:AON_l_2,D,557.5
C52-M10.tif:AON_r_3,D,650.34
C52-M10.tif:AON_l_3,D,562.18
C52-M10.tif:AON_c_3,D,179.39
C52-M10.tif:Nacc_l_2,D,677.6
C52-M10.tif:Nacc_c_2,D,14.94
C52-M10.tif:Nacc_r_2,D,741.61
C52-M10.tif:MEA_c_5,D,82.82
C52-M10.tif:MEA_c_6,D,133.05
C52-M10.tif:MEA_c_8,D,181.54
C83-M01.tif:MEA_l_1,D,706.84
C83-M01.tif:ACo_l_5,D,1082.55
C83-M01.tif:MEA_r_6,D,718.64
C83-M01.tif:ACo_r_1,D,695.24
C83-M01.tif:MEA_c_1,D,33.65
C83-M01.tif:MEA_r_7,D,974.42
C83-M01.tif:MEA_c_7,D,69.69
C83-M01.tif:MEA_r_3,D,646.61
C83-M01.tif:ACo_r_3,D,776.7
C83-M01.tif:MEA_c_3,D,25.51
C83-M01.tif:MEA_l_3,D,930.77
C83-M01.tif:ACo_l_2,D,1441.38
C83-M01.tif:MEA_c_2,D,39.03
C83-M01.tif:MEA_l_4,D,708.97
C83-M01.tif:ACo_l_3,D,859.48
C83-M01.tif:MEA_c_4,D,66.43
C83-M01.tif:LS_l_1,D,871.34
C83-M01.tif:LS_r_1,D,728.78
C83-M01.tif:PiC_l_1,D,451.19
C83-M01.tif:LS_c_1,D,22.28
C83-M01.tif:LS_l_2,D,737.82
C83-M01.tif:LS_r_2,D,793.98
C83-M01.tif:PiC_l_2,D,474.27
C83-M01.tif:PiC_r_2,D,350.67
C83-M01.tif:LS_c_2,D,17.71
C83-M01.tif:LS_l_3,D,596.2
C83-M01.tif:LS_r_3,D,678.3
C83-M01.tif:PiC_l_3,D,462.89
C83-M01.tif:LS_c_3,D,72.92
C83-M01.tif:PiC_r_3,D,367.66
C83-M01.tif:Nacc_l_1,D,899.45
C83-M01.tif:Nacc_r_1,D,763.67
C83-M01.tif:Nacc_c_1,D,29.78
C83-M01.tif:Nacc_l_2,D,867.82
C83-M01.tif:Nacc_r_2,D,962.54
C83-M01.tif:Nacc_c_2,D,51.91
C83-M01.tif:Nacc_l_3,D,789.96
C83-M01.tif:Nacc_r_3,D,753.62
C83-M01.tif:Nacc_c_3,D,32.25
C83-M01.tif:AON_r_1,D,1057.69
C83-M01.tif:AON_l_1,D,852.56
C83-M01.tif:AON_c_1,D,36.98
C83-M01.tif:AON_l_2,D,717.55
C83-M01.tif:AON_r_2,D,843.52
C83-M01.tif:AON_c_2,D,35.44
C83-M01.tif:AON_r_3,D,714.91
C83-M01.tif:AON_l_3,D,929.36
C83-M01.tif:AON_c_3,D,77.18
C83-M01.tif:MEA_c_5,D,31.93
C83-M01.tif:MEA_c_6,D,45.39
C83-M01.tif:ACo_r_7,D,1335.27
C83-M02.tif:MEA_r_5,D,538.87
C83-M02.tif:ACo_r_1,D,1292.44
C83-M02.tif:MEA_c_1,D,130.45
C83-M02.tif:MEA_r_6,D,796.77
C83-M02.tif:ACo_r_2,D,1079.27
C83-M02.tif:MEA_c_2,D,136.5
C83-M02.tif:MEA_l_9,D,559.91
C83-M02.tif:ACo_l_9,D,984.2
C83-M02.tif:MEA_c_9,D,79.35
C83-M02.tif:MEA_l_8,D,500.14
C83-M02.tif:ACo_l_3,D,815.96
C83-M02.tif:MEA_r_3,D,669.44
C83-M02.tif:ACo_r_4,D,717.94
C83-M02.tif:MEA_c_3,D,87.97
C83-M02.tif:MEA_l_7,D,776.89
C83-M02.tif:ACo_l_7,D,746.43
C83-M02.tif:MEA_c_7,D,57.35
C83-M02.tif:Nacc_l_1,D,954.92
C83-M02.tif:Nacc_r_1,D,1071.73
C83-M02.tif:Nacc_c_1,D,130.76
C83-M02.tif:Nacc_l_2,D,767.32
C83-M02.tif:Nacc_r_2,D,579.42
C83-M02.tif:Nacc_c_2,D,19.28
C83-M02.tif:Nacc_l_3,D,992.47
C83-M02.tif:Nacc_r_3,D,512.57
C83-M02.tif:Nacc_c_3,D,114.99
C83-M02.tif:LS_l_1,D,875.5
C83-M02.tif:LS_r_1,D,783.44
C83-M02.tif:LS_c_1,D,45.34
C83-M02.tif:LS_l_2,D,552.89
C83-M02.tif:LS_r_2,D,528.81
C83-M02.tif:LS_c_2,D,151.23
C83-M02.tif:LS_l_3,D,439.18
C83-M02.tif:LS_r_3,D,519.52
C83-M02.tif:LS_c_3,D,191.17
C83-M02.tif:AON_r_1,D,988.08
C83-M02.tif:AON_l_1,D,836.81
C83-M02.tif:AON_c_1,D,59.03
C83-M02.tif:AON_l_2,D,783.38
C83-M02.tif:AON_r_2,D,793.65
C83-M02.tif:AON_c_2,D,134.81
C83-M02.tif:AON_r_3,D,599.68
C83-M02.tif:AON_l_3,D,546.29
C83-M02.tif:AON_c_3,D,50.2
C83-M02.tif:PiC_r_2,D,420.4
C83-M02.tif:PiC_l_3,D,527.07
C83-M02.tif:PiC_r_3,D,407.79
C83-M02.tif:LS_c_4,D,104.46
C83-M02.tif:PiC_l_4,D,473.39
C83-M02.tif:PiC_r_4,D,534.64
C83-M02.tif:MEA_c_4,D,103.8
C83-M02.tif:MEA_c_6,D,140.79
C83-M02.tif:MEA_c_5,D,123.05
C83-M02.tif:MEA_c_8,D,146.3
C83-M11.tif:MEA_l_1,D,829.46
C83-M11.tif:ACo_l_1,D,1163.09
C83-M11.tif:MEA_r_1,D,859.77
C83-M11.tif:Aco_r_1,D,784.24
C83-M11.tif:MEA_c_1,D,74.94
C83-M11.tif:MEA_r_2,D,801.29
C83-M11.tif:ACo_r_2,D,747.73
C83-M11.tif:MEA_c_2,D,70.13
C83-M11.tif:MEA_l_2,D,562.22
C83-M11.tif:ACo_l_2,D,665.29
C83-M11.tif:MEA_r_4,D,630.98
C83-M11.tif:ACo_r_4,D,1047.15
C83-M11.tif:MEA_c_4,D,80.06
C83-M11.tif:MEA_l_3,D,689.67
C83-M11.tif:ACo_l_3,D,432.45
C83-M11.tif:MEA_c_3a,D,90.16
C83-M11.tif:Nacc_l_1,D,365.56
C83-M11.tif:Nacc_r_1,D,411.44
C83-M11.tif:Nacc_c_1,D,118.35
C83-M11.tif:Nacc_r_2,D,423.5
C83-M11.tif:Nacc_l_2,D,312.01
C83-M11.tif:Nacc_c_2,D,85.86
C83-M11.tif:Nacc_r_3,D,396.26
C83-M11.tif:Nacc_l_3,D,368.45
C83-M11.tif:Nacc_c_3,D,178.54
C83-M11.tif:AON_l_1,D,661.4
C83-M11.tif:AON_r_1,D,723.55
C83-M11.tif:AON_c_1,D,26.98
C83-M11.tif:AON_l_2,D,470.36
C83-M11.tif:AON_r_2,D,387.24
C83-M11.tif:AON_c_2,D,153.88
C83-M11.tif:AON_l_3,D,618.86
C83-M11.tif:AON_r_3,D,422.83
C83-M11.tif:AON_c_3,D,168.42
C07-M01.tif:LS_r_1,E,584.46
C07-M01.tif:LS_l_1,E,652.4
C07-M01.tif:PiC_r_1,E,531.04
C07-M01.tif:PiC_l_1,E,423.88
C07-M01.tif:LS_c_1,E,31.12
C07-M01.tif:LS_r_2,E,808.27
C07-M01.tif:LS_l_2,E,700.79
C07-M01.tif:PiC_r_2,E,449.77
C07-M01.tif:PiC_l_2,E,481.9
C07-M01.tif:LS_c_2,E,49.71
C07-M01.tif:LS_r_3,E,715.88
C07-M01.tif:LS_l_3,E,825.79
C07-M01.tif:PiC_r_3,E,550.23
C07-M01.tif:PiC_l_3,E,398.2
C07-M01.tif:LS_c_3,E,163.01
C07-M01.tif:ACo_l_6,E,1314.84
C07-M01.tif:MEA_l_4,E,997.89
C07-M01.tif:MEA_r_2,E,800.43
C07-M01.tif:ACo_r_2,E,951.61
C07-M01.tif:MEA_c_2,E,110.32
C07-M01.tif:MEA_l_2,E,877.31
C07-M01.tif:ACo_r_1,E,1069.52
C07-M01.tif:MEA_c_r_1,E,132.5
C07-M01.tif:MEA_r_3,E,863.73
C07-M01.tif:ACo_r_3,E,833.17
C07-M01.tif:MEA_l_3,E,913.54
C07-M01.tif:MEA_c_3,E,259.85
C07-M01.tif:Nacc_r_1,E,1136.54
C07-M01.tif:Nacc_l_1,E,1104.15
C07-M01.tif:Nacc_c_1,E,321.56
C07-M01.tif:Nacc_l_2,E,1170.27
C07-M01.tif:Nacc_r_2,E,1155.72
C07-M01.tif:Nacc_c_2,E,322.12
C07-M01.tif:Nacc_l_3,E,1125.52
C07-M01.tif:Nacc_r_3,E,1090.89
C07-M01.tif:Nacc_c_3,E,224.02
C07-M01.tif:AON_r_1,E,979.41
C07-M01.tif:AON_l_1,E,1040.99
C07-M01.tif:AON_c_1,E,233.85
C07-M01.tif:AON_r_2,E,1007.12
C07-M01.tif:AON_l_2,E,820.69
C07-M01.tif:AON_c_2,E,254.89
C07-M01.tif:AON_r_3,E,920.27
C07-M01.tif:AON_c_3,E,927.18
C07-M01.tif:AON_l_3,E,300.4
C07-M01.tif:MEA_r_5,E,870.7
C07-M01.tif:MEA_c_5,E,161.77
C07-M01.tif:MEA_c_4,E,172.45
C07-M01.tif:MEA_c_6,E,114.2
C07-M01.tif:MEA_c_7,E,237.33
C07-M01.tif:ACo_l_7,E,1345.11
C07-M01.tif:ACo_l_8,E,1284.1
C07-M01.tif:MEA_c_8,E,195.4
C11-M09.tif:LS_l_1,E,1120.71
C11-M09.tif:LS_r_1,E,1071.87
C11-M09.tif:PiC_l_1,E,638.89
C11-M09.tif:PiC_r_1,E,932.73
C11-M09.tif:LS_c_1,E,123.23
C11-M09.tif:LS_l_2,E,946.92
C11-M09.tif:LS_r_2,E,981.44
C11-M09.tif:LS_c_2,E,78.4
C11-M09.tif:PiC_l_2,E,870.49
C11-M09.tif:PiC_r_2,E,781.02
C11-M09.tif:LS_r_3,E,860.62
C11-M09.tif:LS_l_3,E,721.94
C11-M09.tif:PiC_l_3,E,769.91
C11-M09.tif:PiC_r_3,E,501.1
C11-M09.tif:LS_c_3,E,117.1
C11-M09.tif:Nacc_l_1,E,1122.3
C11-M09.tif:Nacc_r_1,E,1147.81
C11-M09.tif:Nacc_c_1,E,179.7
C11-M09.tif:Nacc_l_2,E,1122.78
C11-M09.tif:Nacc_r_2,E,1067.81
C11-M09.tif:Nacc_c_2,E,187.12
C11-M09.tif:Nacc_l_3,E,1044.34
C11-M09.tif:Nacc_r_3,E,982.8
C11-M09.tif:Nacc_c_3,E,252.89
C11-M09.tif:AON_r_1,E,956.61
C11-M09.tif:AON_l_1,E,1005.42
C11-M09.tif:AON_c_1,E,241.69
C11-M09.tif:AON_r_2,E,783.54
C11-M09.tif:AON_l_2,E,824.29
C11-M09.tif:AON_c_2,E,219.18
C11-M09.tif:AON_r_3,E,878.49
C11-M09.tif:AON_l_3,E,837.69
C11-M09.tif:AON_c_3,E,181.4
C11-M09.tif:MEA_r_1,E,917.81
C11-M09.tif:ACo_r_1,E,812.61
C11-M09.tif:MEA_c_1,E,38.9
C11-M09.tif:MEA_l_5,E,1092.38
C11-M09.tif:ACo_l_5,E,1137.14
C11-M09.tif:MEA_r_2,E,1113.52
C11-M09.tif:ACo_r_2,E,1117.75
C11-M09.tif:MEA_c_2,E,36.81
C11-M09.tif:MEA_r_3,E,1058.38
C11-M09.tif:ACo_r_3,E,978.34
C11-M09.tif:MEA_c_4,E,31.52
C11-M09.tif:MEA_l_4,E,1024.8
C11-M09.tif:ACo_l_4,E,1137.37
C11-M09.tif:MEA_c_3,E,93.82
C11-M09.tif:MEA_c_5,E,176.84
C11-M09.tif:MEA_r_6,E,700.16
C11-M09.tif:ACo_r_6,E,970.75
C11-M09.tif:MEA_c_6,E,133.48
C83-M12.tif:MEA_r_1,E,616.61
C83-M12.tif:ACo_r_1,E,959.73
C83-M12.tif:MEA_c_1,E,288.63
C83-M12.tif:MEA_r_3,E,911.3
C83-M12.tif:ACo_r_3,E,1069.75
C83-M12.tif:MEA_c_3,E,96.82
C83-M12.tif:ACo_l_5,E,1088.68
C83-M12.tif:ACo_r_2,E,1378.11
C83-M12.tif:MEA_l_4,E,972.79
C83-M12.tif:ACo_l_4,E,1004.95
C83-M12.tif:MEA_c_4,E,242.51
C83-M12.tif:MEA_l_6,E,719.98
C83-M12.tif:ACo_l_6,E,859.34
C83-M12.tif:MEA_c_6,E,195.56
C83-M12.tif:LS_l_1,E,757.66
C83-M12.tif:LS_r_1,E,627.44
C83-M12.tif:PiC_r_1,E,451.44
C83-M12.tif:LS_c_1,E,205.62
C83-M12.tif:PiC_l_1,E,633.55
C83-M12.tif:LS_l_2,E,692.08
C83-M12.tif:LS_r_2,E,704.06
C83-M12.tif:PiC_l_2,E,679.51
C83-M12.tif:PiC_r_2,E,382.05
C83-M12.tif:LS_c_2,E,142.62
C83-M12.tif:LS_l_3,E,753.4
C83-M12.tif:LS_r_3,E,549.86
C83-M12.tif:PiC_r_3,E,612.25
C83-M12.tif:PiC_l_3,E,416.84
C83-M12.tif:LS_c_3,E,104.21
C83-M12.tif:Nacc_r_1,E,1206.24
C83-M12.tif:Nacc_l_1,E,1084.7
C83-M12.tif:Nacc_c_1,E,711.14
C83-M12.tif:AON_r_1,E,1144.21
C83-M12.tif:AON_r_2,E,1097.52
C83-M12.tif:AON_c_1,E,354.38
C83-M12.tif:AON_c_2,E,310.68
C83-M12.tif:Nacc_l_2,E,831.55
C83-M12.tif:Nacc_r_2,E,816.5
C83-M12.tif:Nacc_c_2,E,591.95
C83-M12.tif:AON_l_3,E,622.41
C83-M12.tif:AON_r_3,E,619.64
C83-M12.tif:AON_c_3,E,317.43
C83-M12.tif:MEA_c_5,E,275.45
C83-M12.tif:MEA_r_2,E,1151.13
C83-M12.tif:MEA_c_2,E,399.9
C83-M12.tif:MEA_l_7,E,928.59
C83-M12.tif:MEA_c_7,E,269.56
C11-M02.tif:MEA_l_6,A,962.74
C11-M02.tif:MEA_c_6,A,125.78
C11-M02.tif:ACo_l_6,A,1001.22
C11-M02.tif:ACo_l_5,A,1008.81
C11-M02.tif:MEA_l_5,A,924.32
C11-M02.tif:MEA_c_5,A,118.66
C11-M02.tif:MEA_l_4,A,889.74
C11-M02.tif:ACo_l_4,A,983.8
C11-M02.tif:MEA_c_4,A,141.38
C11-M02.tif:MEA_r_1,A,1073.38
C11-M02.tif:ACo_r_1,A,1106.48
C11-M02.tif:MEA_c_1a,A,201.15
C11-M02.tif:MEA_r_2,A,1131.27
C11-M02.tif:ACo_r_2,A,1138.6
C11-M02.tif:MEA_c_2,A,234.82
C11-M02.tif:MEA_r_3,A,1059.59
C11-M02.tif:ACo_r_3,A,976.62
C11-M02.tif:MEA_c_3,A,191.47
C11-M02.tif:LS_r_1,A,844.42
C11-M02.tif:LS_l_1,A,814.89
C11-M02.tif:LS_c_1,A,220.89
C11-M02.tif:LS_r_2,A,869.82
C11-M02.tif:LS_l_2,A,892.18
C11-M02.tif:LS_c_2,A,219.09
C11-M02.tif:LS_r_3,A,788.43
C11-M02.tif:LS_l_3,A,724.48
C11-M02.tif:LS_c_3,A,130.13
C11-M02.tif:Nacc_l_1,A,1045.31
C11-M02.tif:Nacc_r_1,A,1046.28
C11-M02.tif:Nacc_c_1,A,236.8
C11-M02.tif:Nacc_l_2,A,1050.68
C11-M02.tif:Nacc_r_2,A,1080.72
C11-M02.tif:Nacc_c_2,A,408.01
C11-M02.tif:Nacc_l_3,A,973.9
C11-M02.tif:Nacc_r_3,A,1049.27
C11-M02.tif:Nacc_c_3,A,388.66
C11-M02.tif:AON_l_1,A,826.15
C11-M02.tif:AON_r_1,A,772.18
C11-M02.tif:AON_c_1,A,334.31
C11-M02.tif:AON_l_2,A,894.71
C11-M02.tif:AON_r_2,A,940.05
C11-M02.tif:AON_c_2,A,371.1
C11-M02.tif:AON_l_3,A,811.07
C11-M02.tif:AON_r_3,A,885.46
C11-M02.tif:AON_c_3,A,427.53
C11-M02.tif:PiC_l_4,A,1043.21
C11-M02.tif:PiC_r_4,A,1010.17
C11-M02.tif:LS_c_4,A,419.82
C11-M02.tif:PiC_l_5,A,755.04
C11-M02.tif:PiC_r_5,A,824.41
C11-M02.tif:LS_c_5,A,366.81
C11-M02.tif:PiC_l_6,A,858.62
C11-M02.tif:PiC_r_6,A,846.64
C11-M02.tif:LS_c_6,A,176.19
C11-M04.tif:MEA_r_1,A,1140.59
C11-M04.tif:ACo_r_1,A,1157.2
C11-M04.tif:MEA_c_1,A,229.9
C11-M04.tif:MEA_r_2,A,1106.66
C11-M04.tif:ACo_r_2,A,1121.48
C11-M04.tif:MEA_c_2,A,149.91
C11-M04.tif:MEA_r_3,A,1032.56
C11-M04.tif:ACo_r_3,A,1081.02
C11-M04.tif:MEA_c_3,A,188.01
C11-M04.tif:MEA_l_1,A,1163.89
C11-M04.tif:ACo_l_1,A,1109.78
C11-M04.tif:MEA_c_1a,A,238.3
C11-M04.tif:MEA_l_2,A,1083.1
C11-M04.tif:ACo_l_2,A,1114.53
C11-M04.tif:MEA_c_2a,A,160.01
C11-M04.tif:MEA_l_3,A,980.76
C11-M04.tif:ACo_l_3,A,956.59
C11-M04.tif:MEA_c_3a,A,201.66
C11-M04.tif:Nacc_l_1,A,1134.04
C11-M04.tif:Nacc_r_1,A,1121.31
C11-M04.tif:Nacc_c_1,A,381.96
C11-M04.tif:Nacc_l_2,A,1062.75
C11-M04.tif:Nacc_r_2,A,1059.88
C11-M04.tif:Nacc_c_2,A,295.53
C11-M04.tif:Nacc_r_3,A,1064.06
C11-M04.tif:Nacc_l_3,A,1042.29
C11-M04.tif:Nacc_c_3,A,127.83
C11-M04.tif:AON_l_1,A,1016.93
C11-M04.tif:AON_c_1,A,308.84
C11-M04.tif:AON_r_1,A,1038.94
C11-M04.tif:AON_l_2,A,1047.55
C11-M04.tif:AON_r_2,A,877.69
C11-M04.tif:AON_c_2,A,273.42
C11-M04.tif:LS_l_1,A,958.71
C11-M04.tif:LS_r_1,A,846.39
C11-M04.tif:PiC_r_1,A,981.53
C11-M04.tif:PiC_l_1,A,1045.78
C11-M04.tif:LS_c_1,A,161.56
C11-M04.tif:LS_r_2,A,994.18
C11-M04.tif:LS_l_2,A,955.98
C11-M04.tif:PiC_r_2,A,819.33
C11-M04.tif:PiC_l_2,A,898.92
C11-M04.tif:LS_c_2,A,138.98
C11-M04.tif:LS_r_3,A,948.44
C11-M04.tif:LS_l_3,A,1061.07
C11-M04.tif:LS_c_3,A,274.1
C11-M04.tif:PiC_l_3,A,1017.81
C11-M04.tif:PiC_r_3,A,991.78
C12-M11.tif:LS_r_1,A,1068.39
C12-M11.tif:LS_l_1,A,973.73
C12-M11.tif:PiC_r_1,A,904.61
C12-M11.tif:PiC_l_1,A,815.12
C12-M11.tif:LS_c_1,A,350.77
C12-M11.tif:LS_r_2,A,1082.24
C12-M11.tif:LS_l_2,A,892.85
C12-M11.tif:PiC_r_2,A,967.15
C12-M11.tif:PiC_l_2,A,951.09
C12-M11.tif:LS_c_2,A,358.17
C12-M11.tif:LS_r_3,A,1020.56
C12-M11.tif:PiC_r_3,A,885.65
C12-M11.tif:LS_l_3,A,878.85
C12-M11.tif:PiC_l_3,A,749.12
C12-M11.tif:LS_c_3,A,285.9
C12-M11.tif:MEA_r_1,A,1022.81
C12-M11.tif:ACo_r_1,A,1069.95
C12-M11.tif:MEA_c_1,A,349.21
C12-M11.tif:MEA_l_1,A,1006.25
C12-M11.tif:ACo_l_1,A,1053.69
C12-M11.tif:MEA_r_2,A,949.91
C12-M11.tif:ACo_r_2,A,1032.05
C12-M11.tif:MEA_c_2,A,389.41
C12-M11.tif:MEA_r_3,A,993.06
C12-M11.tif:ACo_r_3,A,867.89
C12-M11.tif:MEA_c_3,A,302.44
C12-M11.tif:MEA_l_3,A,1026.76
C12-M11.tif:ACo_l_3,A,1030.07
C12-M11.tif:MEA_l_2,A,1033.13
C12-M11.tif:ACo_l_2,A,882.31
C12-M11.tif:AON_r_1,A,1076.22
C12-M11.tif:AON_l_1,A,1084.99
C12-M11.tif:AON_c_1,A,531.92
C12-M11.tif:AON_r_2,A,1089.97
C12-M11.tif:AON_l_2,A,1035.53
C12-M11.tif:AON_c_2,A,500.01
C12-M11.tif:AON_r_3,A,1065.03
C12-M11.tif:AON_l_3,A,1082.81
C12-M11.tif:AON_c_3,A,548.71
C12-M11.tif:Nacc_r_1,A,943.67
C12-M11.tif:Nacc_l_1,A,935.43
C12-M11.tif:Nacc_c_1,A,566.7
C12-M11.tif:Nacc_l_2,A,1055.26
C12-M11.tif:Nacc_r_2,A,921.71
C12-M11.tif:Nacc_c_2,A,619.6
C12-M11.tif:Nacc_l_3,A,972.82
C12-M11.tif:Nacc_r_3,A,805.83
C12-M11.tif:Nacc_c_3,A,368.98
C52-M05.tif:LS_l_1,A,1049.24
C52-M05.tif:LS_r_1,A,960.33
C52-M05.tif:PiC_r_1,A,917.45
C52-M05.tif:PiC_l_1,A,826
C52-M05.tif:LS_c_1,A,289.99
C52-M05.tif:LS_r_2,A,983.79
C52-M05.tif:PiC_r_2,A,714.71
C52-M05.tif:LS_c_2,A,84.96
C52-M05.tif:LS_l_2,A,747.27
C52-M05.tif:LS_r_3,A,1008.89
C52-M05.tif:PiC_r_3,A,873.87
C52-M05.tif:LS_c_3,A,383.42
C52-M05.tif:MEA_r_1,A,767.17
C52-M05.tif:ACo_r_1,A,926.67
C52-M05.tif:MEA_l_1,A,986.5
C52-M05.tif:ACo_l_1,A,939.34
C52-M05.tif:MEA_c_1,A,239.04
C52-M05.tif:MEA_r_2,A,677.78
C52-M05.tif:ACo_r_2,A,844.01
C52-M05.tif:MEA_l_2,A,905.65
C52-M05.tif:ACo_l_4,A,702.59
C52-M05.tif:MEA_c_2,A,300.42
C52-M05.tif:MEA_l_3,A,1033.82
C52-M05.tif:ACo_l_5,A,1105.45
C52-M05.tif:MEA_c_3,A,418.61
C52-M05.tif:MEA_r_3,A,970.11
C52-M05.tif:MEA_c_4,A,279.67
C52-M05.tif:MEA_c_5,A,478.18
C52-M05.tif:ACo_l_3,A,940.31
C73-M08.tif:MEA_r_1,A,1121.1
C73-M08.tif:ACo_r_1,A,1041.45
C73-M08.tif:MEA_c_1,A,247.46
C73-M08.tif:MEA_r_2,A,1123.07
C73-M08.tif:ACo_r_2,A,1070.05
C73-M08.tif:MEA_c_2,A,335.37
C73-M08.tif:MEA_r_3,A,1025.74
C73-M08.tif:ACo_r_3,A,1053.7
C73-M08.tif:MEA_c_3,A,437.25
C73-M08.tif:MEA_l_5,A,632.66
C73-M08.tif:ACo_l_5,A,991.82
C73-M08.tif:MEA_l_4,A,841.76
C73-M08.tif:ACo_l_4,A,1129.95
C73-M08.tif:MEA_c_4,A,414.53
C73-M08.tif:MEA_l_6,A,757.36
C73-M08.tif:ACo_l_6,A,873.28
C73-M08.tif:MEA_c_6,A,224.19
C73-M08.tif:Nacc_l_1,A,957.72
C73-M08.tif:Nacc_r_1,A,994.25
C73-M08.tif:Nacc_c_1,A,210.44
C73-M08.tif:Nacc_r_2,A,987.77
C73-M08.tif:Nacc_l_2,A,960.37
C73-M08.tif:Nacc_c_2,A,170.19
C73-M08.tif:Nacc_r_3,A,477.64
C73-M08.tif:Nacc_l_3,A,496.21
C73-M08.tif:Nacc_c_3,A,305.35
C73-M08.tif:AON_r_1,A,975.07
C73-M08.tif:AON_l_1,A,1019.54
C73-M08.tif:AON_c_1,A,413.14
C73-M08.tif:LS_l_1,A,942.08
C73-M08.tif:LS_r_1,A,796.4
C73-M08.tif:LS_l_2,A,852.66
C73-M08.tif:LS_r_2,A,740.82
C73-M08.tif:LS_c_2,A,265.51
C73-M08.tif:LS_c_1,A,267.57
C73-M08.tif:PiC_l_1,A,679.59
C73-M08.tif:PiC_r_1,A,619.82
C73-M08.tif:PiC_r_2,A,570.02
C73-M08.tif:PiC_l_2,A,602.34
C73-M08.tif:MEA_c_5,A,246.93
C73-M09.tif:ACo_l_1,A,1112.01
C73-M09.tif:MEA_l_1,A,969.39
C73-M09.tif:MEA_c_1,A,255.79
C73-M09.tif:MEA_l_2,A,782.33
C73-M09.tif:ACo_l_2,A,1040.04
C73-M09.tif:MEA_c_2,A,157.9
C73-M09.tif:MEA_r_4,A,1011.04
C73-M09.tif:ACo_r_4,A,967.33
C73-M09.tif:MEA_c_4,A,112.11
C73-M09.tif:MEA_l_3,A,1092.04
C73-M09.tif:ACo_l_3,A,1106.69
C73-M09.tif:MEA_c_3,A,222.56
C73-M09.tif:MEA_r_5,A,933
C73-M09.tif:ACo_r_5,A,986.82
C73-M09.tif:MEA_c_5,A,109.79
C73-M09.tif:MEA_r_6,A,894.62
C73-M09.tif:ACo_r_6,A,1085.99
C73-M09.tif:MEA_c_6,A,231.28
C73-M09.tif:LS_l_1,A,844.14
C73-M09.tif:PiC_l_1,A,920.79
C73-M09.tif:LS_c_1,A,106.07
C73-M09.tif:PiC_r_1,A,859.53
C73-M09.tif:LS_l_2,A,956.57
C73-M09.tif:LS_r_2,A,882.24
C73-M09.tif:LS_c_2,A,121.68
C73-M09.tif:PiC_l_2,A,817.5
C73-M09.tif:PiC_r_2,A,807.98
C73-M09.tif:AON_l_1,A,1083.47
C73-M09.tif:AON_r_1,A,1051.06
C73-M09.tif:AON_c_1,A,605.14
C73-M09.tif:AON_r_2,A,1076.99
C73-M09.tif:AON_l_2,A,1083.01
C73-M09.tif:AON_c_2,A,438.97
C73-M09.tif:AON_l_3,A,1077.61
C73-M09.tif:AON_r_3,A,1039.74
C73-M09.tif:AON_c_3,A,650.54
C73-M09.tif:Nacc_r_1,A,1069.09
C73-M09.tif:Nacc_l_1,A,1006.34
C73-M09.tif:Nacc_c_1,A,127.01
C73-M09.tif:Nacc_r_2,A,961.51
C73-M09.tif:Nacc_l_2,A,1005.83
C73-M09.tif:Nacc_c_2,A,154.59
C73-M09.tif:Nacc_l_3,A,969.38
C73-M09.tif:Nacc_r_3,A,979.13
C73-M09.tif:Nacc_c_3,A,488.91
C73-M09.tif:LS_l_3,A,982.42
C73-M09.tif:LS_r_3,A,877
C73-M09.tif:LS_c_3,A,308.74
C73-M09.tif:PiC_l_3,A,986.82
C73-M09.tif:PiC_r_3,A,965.59
C74-M06.tif:Nacc_l_1,A,1153.36
C74-M06.tif:Nacc_r_1,A,1127.4
C74-M06.tif:Nacc_c_1,A,430.56
C74-M06.tif:Nacc_r_2,A,1068.06
C74-M06.tif:Nacc_l_2,A,1059.58
C74-M06.tif:Nacc_c_2,A,512.02
C74-M06.tif:Nacc_r_3,A,1114.29
C74-M06.tif:Nacc_l_3,A,1083.05
C74-M06.tif:Nacc_c_3,A,291.22
C74-M06.tif:AON_l_1,A,1031.85
C74-M06.tif:AON_r_1,A,1025.35
C74-M06.tif:AON_c_1,A,567.45
C74-M06.tif:AON_l_2,A,951.99
C74-M06.tif:AON_r_2,A,1050.77
C74-M06.tif:AON_c_2,A,374.05
C74-M06.tif:AON_l_3,A,988.51
C74-M06.tif:AON_r_3,A,1001.15
C74-M06.tif:AON_c_3,A,430.53
C74-M06.tif:MEA_r_1,A,1041.21
C74-M06.tif:ACo_r_1,A,1098.09
C74-M06.tif:MEA_l_1,A,1078.6
C74-M06.tif:ACo_l_1,A,1104.03
C74-M06.tif:MEA_c_1,A,318.05
C74-M06.tif:MEA_l_2,A,1044.53
C74-M06.tif:ACo_l_2,A,1095.68
C74-M06.tif:MEA_r_2,A,961.95
C74-M06.tif:ACo_r_2,A,1023.93
C74-M06.tif:MEA_c_2,A,323.59
C74-M06.tif:MEA_l_3,A,1016.67
C74-M06.tif:ACo_l_3,A,1097.3
C74-M06.tif:MEA_r_3,A,1056.3
C74-M06.tif:ACo_r_3,A,1056.27
C74-M06.tif:MEA_c_3,A,313.63
C74-M07.tif:MEA_l_1,A,1125.63
C74-M07.tif:ACo_l_1,A,1166.22
C74-M07.tif:MEA_r_1,A,1155.57
C74-M07.tif:ACo_r_1,A,1174.67
C74-M07.tif:MEA_c_1,A,299.44
C74-M07.tif:MEA_r_2,A,1106.25
C74-M07.tif:ACo_r_2,A,1142.47
C74-M07.tif:MEA_l_4,A,1097.77
C74-M07.tif:ACo_l_6,A,1123.57
C74-M07.tif:MEA_c_2,A,252.5
C74-M07.tif:MEA_r_5,A,1119.46
C74-M07.tif:ACo_r_3,A,1154.64
C74-M07.tif:MEA_l_3,A,1113.53
C74-M07.tif:ACo_l_7,A,1125.69
C74-M07.tif:MEA_c_3,A,270.38
C74-M07.tif:LS_r_1,A,993.46
C74-M07.tif:LS_l_1,A,936.38
C74-M07.tif:LS_c_1,A,389.04
C74-M07.tif:LS_r_2,A,1088.98
C74-M07.tif:LS_l_2,A,1056.01
C74-M07.tif:LS_c_2,A,316.07
C74-M07.tif:PiC_r_2,A,1001.01
C74-M07.tif:PiC_l_2,A,698.11
C74-M07.tif:LS_r_3,A,1057.33
C74-M07.tif:LS_l_3,A,1018.1
C74-M07.tif:PiC_r_3,A,930.85
C74-M07.tif:LS_c_3,A,361.59
C74-M07.tif:Nacc_l_1,A,1081.85
C74-M07.tif:Nacc_r_1,A,1059.66
C74-M07.tif:Nacc_c_1,A,357.98
C74-M07.tif:Nacc_l_2,A,1051.49
C74-M07.tif:Nacc_r_2,A,1001.42
C74-M07.tif:Nacc_c_2,A,326.59
C74-M07.tif:Nacc_l_3,A,1048.53
C74-M07.tif:Nacc_r_3,A,1008.18
C74-M07.tif:Nacc_c_3,A,368.97
C74-M07.tif:AON_r_1,A,1020.92
C74-M07.tif:AON_l_1,A,929.84
C74-M07.tif:AON_c_1,A,422
C74-M07.tif:AON_r_2,A,987.27
C74-M07.tif:AON_l_2,A,1021.31
C74-M07.tif:AON_c_2,A,469.48
C74-M07.tif:AON_l_3,A,990.67
C74-M07.tif:AON_r_3,A,1035.52
C74-M07.tif:AON_c_3,A,413.62
C74-M07.tif:PiC_r_1,A,857.07
C74-M07.tif:PiC_l_1,A,774.29
C74-M07.tif:MEA_c_4,A,404.16
C74-M07.tif:MEA_c_5,A,389.84
C74-M07.tif:MEA_c_6,A,380.82
C74-M07.tif:MEA_c_7,A,311.28
C12-M03.tif:LS_c_3,C,215.76
C07-M01.tif:MEA_c_1,E,138.69
